Loan_ID,Gender,Married,Dependents,Education,Self_Employed,ApplicantIncome,CoapplicantIncome,LoanAmount,Loan_Amount_Term,Credit_History,Property_Area,Loan_Status
83,1,1,0,0,0,6000,2250.0,265.0,360.0,,1,0
90,1,1,0,0,0,2958,2900.0,131.0,360.0,1.0,1,1
227,1,1,2,0,0,6250,1695.0,210.0,360.0,1.0,1,1
482,1,1,0,0,0,2083,3150.0,128.0,360.0,1.0,1,1
464,1,0,0,0,0,4166,0.0,98.0,360.0,0.0,1,0
369,1,1,0,0,0,19730,5266.0,570.0,360.0,1.0,0,0
79,1,1,3,1,1,3333,2166.0,130.0,360.0,,1,1
23,2,1,2,1,0,3365,1917.0,112.0,360.0,0.0,0,0
184,0,1,0,0,0,3625,0.0,108.0,360.0,1.0,1,1
289,1,0,0,0,0,9508,0.0,187.0,360.0,1.0,0,1
527,1,1,1,1,0,5285,1430.0,161.0,360.0,0.0,1,1
573,1,1,2,1,0,6125,1625.0,187.0,480.0,1.0,1,0
428,1,1,0,0,0,2920,16.12000084,87.0,360.0,1.0,0,1
165,1,1,0,0,0,3707,3166.0,182.0,,1.0,0,1
411,1,1,0,0,2,6256,0.0,160.0,360.0,,2,1
525,1,1,2,0,1,17500,0.0,400.0,360.0,1.0,0,1
9,1,1,1,0,0,12841,10968.0,349.0,360.0,1.0,1,0
362,1,1,0,0,0,4750,2333.0,130.0,360.0,1.0,2,1
488,1,1,2,0,1,4583,2083.0,160.0,360.0,1.0,1,1
426,0,0,1,1,0,4606,0.0,81.0,360.0,1.0,0,0
600,0,0,3,0,2,416,41667.0,350.0,180.0,,2,0
383,1,0,0,0,1,7167,0.0,128.0,360.0,1.0,2,1
84,1,1,1,0,0,3988,0.0,50.0,240.0,1.0,2,1
265,1,0,0,0,0,4095,3447.0,151.0,360.0,1.0,0,1
199,1,0,0,0,1,11000,0.0,83.0,360.0,1.0,2,0
598,1,1,0,0,1,9963,0.0,180.0,360.0,1.0,0,1
535,1,0,0,1,2,2550,2042.0,126.0,360.0,1.0,0,1
468,0,1,2,1,2,210,2917.0,98.0,360.0,1.0,1,1
582,0,1,0,0,0,3166,0.0,36.0,360.0,1.0,1,1
291,1,1,2,0,0,4400,0.0,127.0,360.0,0.0,1,0
75,1,0,0,0,0,3750,0.0,113.0,480.0,1.0,2,0
92,1,1,2,1,0,3273,1820.0,81.0,360.0,1.0,2,1
304,1,0,0,0,0,4000,2500.0,140.0,360.0,1.0,0,1
68,1,1,3,1,1,7100,0.0,125.0,60.0,1.0,2,1
15,1,0,0,0,0,4950,0.0,125.0,360.0,1.0,2,1
211,1,1,3,0,0,3430,1250.0,128.0,360.0,0.0,1,0
268,0,0,0,0,2,3418,0.0,135.0,360.0,1.0,0,0
88,1,0,0,0,0,8566,0.0,210.0,360.0,1.0,2,1
514,1,0,0,0,0,5815,3666.0,311.0,360.0,1.0,0,0
117,1,1,1,0,0,2214,1398.0,85.0,360.0,,2,1
395,1,1,2,0,0,3276,484.0,135.0,360.0,,1,1
419,1,1,0,0,0,3246,1417.0,138.0,360.0,1.0,1,1
33,1,1,0,0,0,3500,1667.0,114.0,360.0,1.0,1,1
0,1,0,0,0,0,5849,0.0,,360.0,1.0,2,1
607,1,1,2,1,0,3987,1411.0,157.0,360.0,1.0,0,1
177,1,1,3,0,0,5516,11300.0,495.0,360.0,0.0,1,0
356,1,1,2,0,0,8333,3167.0,165.0,360.0,1.0,0,1
399,0,0,0,0,0,1500,1800.0,103.0,360.0,0.0,1,0
499,1,0,0,0,0,6283,4416.0,209.0,360.0,0.0,0,0
259,1,1,3,1,0,4931,0.0,128.0,360.0,,1,0
22,1,1,0,1,0,2600,1911.0,116.0,360.0,0.0,1,0
456,1,1,0,0,0,4301,0.0,118.0,360.0,1.0,2,1
116,0,1,0,0,0,3167,2283.0,154.0,360.0,1.0,1,1
89,1,1,0,0,0,5695,4167.0,175.0,360.0,1.0,1,1
583,1,1,1,0,0,1880,0.0,61.0,360.0,,0,0
443,1,0,1,0,0,37719,0.0,152.0,360.0,1.0,1,1
18,1,1,0,1,0,4887,0.0,133.0,360.0,1.0,0,0
380,1,1,0,0,2,3333,2500.0,128.0,360.0,1.0,1,1
446,1,1,2,1,0,4652,0.0,110.0,360.0,1.0,0,1
144,1,1,2,0,0,11757,0.0,187.0,180.0,1.0,2,1
290,1,1,0,0,0,3075,2416.0,139.0,360.0,1.0,0,1
353,0,1,0,0,1,5500,0.0,105.0,360.0,0.0,0,0
553,1,1,0,1,0,2454,2333.0,181.0,360.0,0.0,2,0
601,1,1,0,1,2,2894,2792.0,155.0,360.0,1.0,0,1
261,1,0,0,0,0,2060,2209.0,134.0,360.0,1.0,1,1
496,1,1,0,1,0,2600,1700.0,107.0,360.0,1.0,0,1
529,1,0,0,1,0,6783,0.0,130.0,360.0,1.0,1,1
414,0,1,0,1,0,2149,3237.0,178.0,360.0,0.0,1,0
167,1,1,0,0,0,2439,3333.0,129.0,360.0,1.0,0,1
54,0,1,1,0,1,11500,0.0,286.0,360.0,0.0,2,0
249,1,1,0,0,0,1809,1868.0,90.0,360.0,1.0,2,1
46,1,1,1,0,0,5649,0.0,44.0,360.0,1.0,2,1
93,1,0,0,0,0,4133,0.0,122.0,360.0,1.0,1,1
272,1,0,0,0,0,2833,1857.0,126.0,360.0,1.0,0,1
108,1,1,2,0,0,3800,3600.0,216.0,360.0,0.0,2,0
280,1,0,1,1,1,4053,2426.0,158.0,360.0,0.0,2,0
195,1,1,1,0,0,3125,2583.0,170.0,360.0,1.0,1,0
613,0,0,0,0,1,4583,0.0,133.0,360.0,0.0,1,0
495,0,1,1,0,0,3326,913.0,105.0,84.0,1.0,1,1
451,1,1,2,1,0,1958,1456.0,60.0,300.0,,2,1
244,1,1,0,1,0,3406,4417.0,123.0,360.0,1.0,1,1
393,1,1,2,1,0,1993,1625.0,113.0,180.0,1.0,1,1
310,0,0,0,0,0,2917,0.0,84.0,360.0,1.0,1,1
408,1,1,1,0,0,8300,0.0,152.0,300.0,0.0,1,0
572,1,1,2,0,0,16666,0.0,275.0,360.0,1.0,2,1
264,1,0,0,0,1,5166,0.0,128.0,360.0,1.0,1,1
487,1,1,1,0,0,18333,0.0,500.0,360.0,1.0,2,0
69,0,0,0,0,0,4300,0.0,136.0,360.0,0.0,1,0
547,1,0,0,0,0,2526,1783.0,145.0,360.0,1.0,0,1
417,1,1,2,0,1,1600,20000.0,239.0,360.0,1.0,2,0
286,0,0,0,0,1,2600,1717.0,99.0,300.0,1.0,1,0
537,1,0,2,0,0,3617,0.0,107.0,360.0,1.0,1,1
540,0,1,1,0,0,4608,2845.0,140.0,180.0,1.0,1,1
298,0,0,0,0,0,5000,2541.0,151.0,480.0,1.0,0,0
149,1,1,0,0,0,4860,830.0,125.0,360.0,1.0,1,1
124,1,1,0,1,0,4300,2014.0,194.0,360.0,1.0,0,1
442,1,0,3,1,0,4707,1993.0,148.0,360.0,1.0,1,1
481,1,1,3,1,0,3095,0.0,113.0,360.0,1.0,0,1
185,1,1,0,0,1,39147,4750.0,120.0,360.0,1.0,1,1
247,1,1,1,1,0,6608,0.0,137.0,180.0,1.0,2,1
299,1,1,1,0,0,2014,2925.0,113.0,360.0,1.0,2,0
526,1,1,0,0,0,3775,0.0,110.0,360.0,1.0,1,1
271,1,1,0,0,0,11146,0.0,136.0,360.0,1.0,2,1
278,1,1,0,0,0,14583,0.0,436.0,360.0,1.0,1,1
31,1,0,0,0,0,3167,0.0,74.0,360.0,1.0,2,0
590,1,1,0,0,0,3000,3416.0,56.0,180.0,1.0,1,1
522,1,1,3,0,1,5677,1424.0,100.0,360.0,1.0,0,1
579,1,0,0,0,2,3182,2917.0,161.0,360.0,1.0,2,1
470,1,1,1,0,1,3450,2079.0,162.0,360.0,1.0,1,1
605,1,1,0,1,0,2400,3800.0,,180.0,1.0,2,0
114,1,0,0,0,2,5050,0.0,118.0,360.0,1.0,1,1
203,1,1,1,1,0,3500,1083.0,135.0,360.0,1.0,2,1
141,1,0,0,0,0,5417,0.0,168.0,360.0,1.0,2,1
349,1,1,0,0,0,2625,6250.0,187.0,360.0,1.0,0,1
7,1,1,3,0,0,3036,2504.0,158.0,360.0,0.0,1,0
533,1,0,1,0,0,11250,0.0,196.0,360.0,,1,0
19,1,1,0,0,2,2600,3500.0,115.0,,1.0,2,1
172,1,1,3,1,0,3522,0.0,81.0,180.0,1.0,0,0
467,2,1,0,0,0,16692,0.0,110.0,360.0,1.0,1,1
56,1,1,0,0,0,2132,1591.0,96.0,360.0,1.0,1,1
318,0,0,1,0,0,3541,0.0,112.0,360.0,,1,1
346,1,1,4,1,0,3523,3230.0,152.0,360.0,0.0,0,0
606,1,1,1,0,0,3400,2500.0,173.0,360.0,1.0,1,1
332,1,0,4,0,0,2833,0.0,71.0,360.0,1.0,2,1
320,1,1,0,0,0,2400,2167.0,115.0,360.0,1.0,1,1
49,0,0,0,0,0,4000,2275.0,144.0,360.0,1.0,1,1
274,1,1,2,0,0,3900,0.0,90.0,360.0,1.0,1,1
25,1,1,0,0,1,9560,0.0,191.0,360.0,1.0,1,1
388,1,1,0,0,0,2333,2417.0,136.0,360.0,1.0,2,1
603,1,0,0,0,0,3676,4301.0,172.0,360.0,1.0,0,1
220,1,1,0,0,0,2221,0.0,60.0,360.0,0.0,2,0
433,1,1,0,0,0,2425,2340.0,143.0,360.0,1.0,1,1
305,1,0,0,1,0,2000,0.0,,360.0,1.0,2,0
245,1,0,0,0,1,6050,4333.0,120.0,180.0,1.0,2,0
370,0,0,0,0,1,15759,0.0,55.0,360.0,1.0,1,1
154,1,0,0,0,0,3254,0.0,50.0,360.0,1.0,2,1
126,2,1,3,0,0,23803,0.0,370.0,360.0,1.0,0,1
354,0,1,0,0,0,2423,505.0,130.0,360.0,1.0,1,1
113,0,0,1,0,1,7451,0.0,,360.0,1.0,1,1
173,1,1,0,0,0,5708,5625.0,187.0,360.0,1.0,1,1
57,1,1,0,0,0,3366,2200.0,135.0,360.0,1.0,0,0
331,1,0,0,0,0,2935,0.0,98.0,360.0,1.0,1,1
222,1,0,0,0,0,2971,2791.0,144.0,360.0,1.0,1,1
17,0,0,0,0,0,3510,0.0,76.0,360.0,0.0,2,0
360,0,0,1,0,0,4723,0.0,81.0,360.0,1.0,1,0
255,0,0,3,0,0,3083,0.0,255.0,360.0,1.0,0,1
422,1,1,0,0,0,1820,1719.0,100.0,360.0,1.0,2,1
587,0,0,0,1,0,2165,0.0,70.0,360.0,1.0,1,1
190,1,0,0,1,0,4885,0.0,48.0,360.0,1.0,0,1
328,0,1,0,0,0,4333,2451.0,110.0,360.0,1.0,2,0
539,1,1,3,0,0,6417,0.0,157.0,180.0,1.0,0,1
381,1,0,0,0,0,5941,4232.0,296.0,360.0,1.0,1,1
94,1,0,0,1,0,3620,0.0,25.0,120.0,1.0,1,1
180,1,1,1,0,0,6400,7250.0,180.0,360.0,0.0,2,0
341,0,0,0,0,0,2378,0.0,46.0,360.0,1.0,0,0
338,0,0,3,1,0,1830,0.0,,360.0,0.0,2,0
321,1,1,3,0,0,4342,189.0,124.0,360.0,1.0,1,1
5,1,1,2,0,1,5417,4196.0,267.0,360.0,1.0,2,1
45,0,0,0,0,0,3410,0.0,88.0,,1.0,2,1
302,0,0,0,0,0,5000,0.0,132.0,360.0,1.0,0,1
551,1,1,1,1,0,2492,2375.0,,360.0,1.0,0,1
521,1,0,0,0,0,2500,0.0,55.0,360.0,1.0,1,1
16,1,0,1,1,0,3596,0.0,100.0,240.0,,2,1
48,0,1,0,0,0,2645,3440.0,120.0,360.0,0.0,2,0
593,1,1,0,0,0,3859,3300.0,142.0,180.0,1.0,0,1
503,1,1,1,1,0,4050,5302.0,138.0,360.0,,0,0
3,1,1,0,1,0,2583,2358.0,120.0,360.0,1.0,2,1
336,1,1,1,0,2,5250,688.0,160.0,360.0,1.0,0,1
453,1,1,0,0,0,2483,2466.0,90.0,180.0,0.0,0,1
374,0,0,0,0,2,2764,1459.0,110.0,360.0,1.0,2,1
513,1,1,0,0,0,2130,6666.0,70.0,180.0,1.0,1,0
311,1,0,0,1,0,2927,2405.0,111.0,360.0,1.0,1,1
225,1,1,0,0,0,3250,0.0,170.0,360.0,1.0,0,0
26,1,1,0,0,0,2799,2253.0,122.0,360.0,1.0,1,1
438,1,0,0,0,1,10416,0.0,187.0,360.0,0.0,2,0
263,0,0,0,0,0,7200,0.0,120.0,360.0,1.0,0,1
50,0,1,0,1,0,1928,1644.0,100.0,360.0,1.0,1,1
229,1,0,0,0,1,6400,0.0,200.0,360.0,1.0,0,1
37,0,1,0,0,0,3667,1459.0,144.0,360.0,1.0,1,1
157,1,1,1,0,0,9538,0.0,187.0,360.0,1.0,2,1
237,0,0,0,0,1,3463,0.0,122.0,360.0,,2,1
588,2,0,0,0,0,4750,0.0,94.0,360.0,1.0,1,1
175,1,1,0,0,0,3497,1964.0,116.0,360.0,1.0,0,1
515,1,1,3,0,0,3466,3428.0,150.0,360.0,1.0,0,1
506,1,1,0,0,0,20833,6667.0,480.0,360.0,,2,1
194,1,0,0,0,0,4191,0.0,120.0,360.0,1.0,0,1
517,1,1,4,1,0,3074,1800.0,123.0,360.0,0.0,1,0
335,1,1,4,0,1,5503,4490.0,70.0,,1.0,1,1
592,2,0,3,0,1,9357,0.0,292.0,360.0,1.0,1,1
523,1,1,2,0,1,7948,7166.0,480.0,360.0,1.0,0,1
67,1,1,1,0,0,10750,0.0,312.0,360.0,1.0,2,1
329,0,0,0,0,0,2500,0.0,67.0,360.0,1.0,2,1
168,1,0,0,0,0,2237,0.0,63.0,480.0,0.0,1,0
334,2,1,1,0,1,9833,1833.0,182.0,180.0,1.0,2,1
162,1,1,1,0,0,3089,1280.0,121.0,360.0,0.0,1,0
309,1,1,2,1,0,7667,0.0,185.0,360.0,,0,1
193,1,0,0,0,0,3858,0.0,76.0,360.0,1.0,1,1
152,1,0,0,0,0,9166,0.0,244.0,360.0,1.0,2,0
357,1,1,1,0,0,3875,0.0,67.0,360.0,1.0,2,0
444,1,1,0,0,0,7333,8333.0,175.0,300.0,,0,1
501,0,0,0,0,0,3159,0.0,100.0,360.0,1.0,1,1
531,1,1,3,0,0,4281,0.0,100.0,360.0,1.0,2,1
103,1,1,0,0,0,4652,3583.0,,360.0,1.0,1,1
404,0,0,0,0,1,7441,0.0,194.0,360.0,1.0,0,0
74,1,1,3,0,1,5266,1774.0,187.0,360.0,1.0,1,1
436,1,0,0,0,0,1926,1851.0,50.0,360.0,1.0,1,1
591,1,1,2,0,1,6000,0.0,205.0,240.0,1.0,1,0
119,0,0,0,0,0,10408,0.0,259.0,360.0,1.0,2,1
400,1,1,2,1,0,2889,0.0,45.0,180.0,0.0,2,0
423,1,1,1,0,0,7250,1667.0,110.0,,0.0,2,0
497,1,1,0,0,0,4625,2857.0,111.0,12.0,,2,1
207,1,0,0,1,0,3975,2531.0,55.0,360.0,1.0,0,1
344,1,1,2,0,2,2583,2330.0,125.0,360.0,1.0,0,1
364,1,0,0,0,1,6822,0.0,141.0,360.0,1.0,0,1
352,1,1,3,0,0,2666,2083.0,95.0,360.0,1.0,0,1
524,1,0,0,0,0,4680,2087.0,,360.0,1.0,1,0
8,1,1,2,0,0,4006,1526.0,168.0,360.0,1.0,2,1
390,1,0,3,0,0,9167,0.0,185.0,360.0,1.0,0,1
36,1,1,0,0,0,1828,1330.0,100.0,,0.0,2,0
139,1,1,2,1,0,4200,1430.0,129.0,360.0,1.0,0,0
253,1,1,1,1,0,2661,7101.0,279.0,180.0,1.0,1,1
303,1,1,1,0,0,1625,1803.0,96.0,360.0,1.0,2,1
403,0,0,0,1,0,1963,0.0,53.0,360.0,1.0,1,1
59,1,1,2,1,0,3357,2859.0,144.0,360.0,1.0,2,1
111,0,1,0,0,2,2929,2333.0,139.0,360.0,1.0,1,1
365,1,0,0,1,0,6216,0.0,133.0,360.0,1.0,0,0
375,1,1,0,0,0,4817,923.0,120.0,180.0,1.0,2,1
563,1,0,0,1,1,5800,0.0,132.0,360.0,1.0,1,1
262,0,0,1,0,0,3481,0.0,155.0,36.0,1.0,1,0
586,1,1,0,0,0,2297,1522.0,104.0,360.0,1.0,2,1
297,0,1,1,0,0,4666,0.0,135.0,360.0,1.0,2,1
150,1,0,0,0,0,6277,0.0,118.0,360.0,0.0,0,0
266,1,1,2,0,0,4708,1387.0,150.0,360.0,1.0,1,1
530,1,1,0,0,0,1025,5500.0,216.0,360.0,,0,1
542,0,0,1,0,2,3652,0.0,95.0,360.0,1.0,1,1
38,1,0,0,0,0,4166,7210.0,184.0,360.0,1.0,2,1
447,1,1,0,0,2,3539,1376.0,55.0,360.0,1.0,0,0
307,0,0,0,0,0,2400,1863.0,104.0,360.0,0.0,2,0
198,0,1,0,0,0,3416,2816.0,113.0,360.0,,1,1
480,0,0,0,1,0,4350,0.0,154.0,360.0,1.0,0,1
367,1,0,0,0,0,5124,0.0,124.0,,0.0,0,0
146,0,1,2,0,0,14866,0.0,70.0,360.0,1.0,2,1
486,1,0,2,0,0,3547,0.0,80.0,360.0,0.0,0,0
544,0,1,0,1,0,3017,663.0,102.0,360.0,,1,1
147,1,1,1,0,0,1538,1425.0,30.0,360.0,1.0,2,1
434,1,0,0,0,0,3750,0.0,100.0,360.0,1.0,2,1
348,1,1,0,0,0,6333,4583.0,259.0,360.0,,1,1
325,1,1,1,0,1,8666,4983.0,376.0,360.0,0.0,0,0
405,0,0,0,0,0,4547,0.0,115.0,360.0,1.0,1,1
123,1,1,2,0,0,2957,0.0,81.0,360.0,1.0,1,1
516,0,1,2,0,0,2031,1632.0,113.0,480.0,1.0,1,1
96,0,1,0,0,0,2484,2302.0,137.0,360.0,1.0,1,1
143,1,1,0,0,0,2698,2034.0,122.0,360.0,1.0,1,1
239,1,1,1,0,0,3315,0.0,96.0,360.0,1.0,1,1
554,1,1,0,0,0,3593,4266.0,132.0,180.0,0.0,0,0
97,1,1,0,0,0,1977,997.0,50.0,360.0,1.0,1,1
371,1,1,2,0,0,5185,0.0,155.0,360.0,1.0,1,1
324,1,1,3,0,0,15000,0.0,300.0,360.0,1.0,0,1
279,0,1,0,1,0,4100,0.0,124.0,360.0,,0,1
293,0,0,4,0,0,5417,0.0,143.0,480.0,0.0,2,0
493,0,0,0,1,1,17263,0.0,225.0,360.0,1.0,1,1
122,0,0,0,0,0,2137,8980.0,137.0,360.0,0.0,1,1
183,1,1,1,0,0,33846,0.0,260.0,360.0,1.0,1,0
202,1,1,3,1,0,3992,0.0,,180.0,1.0,2,0
323,0,0,0,0,0,3166,2985.0,132.0,360.0,,0,1
246,1,1,2,0,0,9703,0.0,112.0,360.0,1.0,2,1
432,1,0,0,0,2,12876,0.0,405.0,360.0,1.0,1,1
420,1,1,0,0,0,5829,0.0,138.0,360.0,1.0,0,1
494,1,1,0,0,0,3597,2157.0,119.0,360.0,0.0,0,0
424,1,1,0,0,0,14880,0.0,96.0,360.0,1.0,1,1
541,0,0,0,0,0,2138,0.0,99.0,360.0,0.0,1,0
402,1,0,0,0,0,2500,20000.0,103.0,360.0,1.0,1,1
125,0,0,0,0,0,3692,0.0,93.0,360.0,,0,1
546,1,0,0,1,0,3358,0.0,80.0,36.0,1.0,1,0
561,0,1,1,0,1,19484,0.0,600.0,360.0,1.0,1,1
223,1,1,0,0,0,7578,1010.0,175.0,,1.0,1,1
342,1,1,1,1,0,4554,1229.0,158.0,360.0,1.0,2,1
53,1,1,2,0,0,4616,0.0,134.0,360.0,1.0,2,0
219,0,1,2,0,0,4283,2383.0,127.0,360.0,,1,1
129,1,1,0,0,0,6080,2569.0,182.0,360.0,,0,0
555,1,1,1,0,0,5468,1032.0,26.0,360.0,1.0,1,1
407,0,0,0,1,0,2213,0.0,66.0,360.0,1.0,0,1
463,0,0,1,1,2,5191,0.0,132.0,360.0,1.0,1,1
557,1,1,3,0,1,10139,0.0,260.0,360.0,1.0,1,1
409,1,1,3,0,0,81000,0.0,360.0,360.0,0.0,0,0
500,0,0,0,0,0,645,3683.0,113.0,480.0,1.0,0,1
416,0,0,1,0,0,2600,0.0,160.0,360.0,1.0,2,0
386,1,0,0,1,0,2346,1600.0,132.0,360.0,1.0,1,1
594,1,1,0,0,1,16120,0.0,260.0,360.0,1.0,2,1
294,1,1,0,0,0,2383,3334.0,172.0,360.0,1.0,1,1
267,1,1,3,0,0,4333,1811.0,160.0,360.0,0.0,2,1
477,2,1,2,0,0,2873,1872.0,132.0,360.0,0.0,1,0
429,1,0,0,1,0,2717,0.0,60.0,180.0,1.0,2,1
112,1,1,0,1,0,3572,4114.0,152.0,,0.0,0,0
179,1,0,0,1,0,2333,1451.0,102.0,480.0,0.0,2,0
612,1,1,2,0,0,7583,0.0,187.0,360.0,1.0,2,1
552,1,1,1,0,0,3333,3250.0,158.0,360.0,1.0,2,1
465,1,0,0,0,0,6000,0.0,140.0,360.0,1.0,0,1
373,1,0,1,0,0,3062,1987.0,111.0,180.0,0.0,2,0
314,2,1,0,0,0,2473,1843.0,159.0,360.0,1.0,0,0
151,1,1,0,0,1,2577,3750.0,152.0,360.0,1.0,0,1
507,2,0,0,0,0,3583,0.0,96.0,360.0,1.0,2,0
233,0,0,0,0,0,8333,0.0,280.0,360.0,1.0,1,1
306,0,0,0,0,0,3762,1666.0,135.0,360.0,1.0,0,1
441,1,1,0,0,0,7901,1833.0,180.0,360.0,1.0,0,1
164,1,1,0,0,0,9323,0.0,75.0,180.0,1.0,2,1
317,1,1,0,0,0,2058,2134.0,88.0,360.0,,2,1
136,0,1,0,0,0,4583,0.0,84.0,360.0,1.0,0,0
410,0,0,1,1,1,3867,0.0,62.0,360.0,1.0,1,0
197,0,0,0,1,0,1907,2365.0,120.0,,1.0,2,1
596,1,1,2,1,1,6383,1000.0,187.0,360.0,1.0,0,0
258,1,1,0,0,0,14683,2100.0,304.0,360.0,1.0,0,0
232,1,0,0,1,0,3189,2598.0,120.0,,1.0,0,1
115,1,1,1,0,0,14583,0.0,185.0,180.0,1.0,0,1
120,1,1,4,0,0,5667,2667.0,180.0,360.0,1.0,0,1
490,1,0,0,1,0,2699,2785.0,96.0,360.0,,1,1
376,1,1,3,0,0,8750,4996.0,130.0,360.0,1.0,0,1
384,1,1,2,0,0,4566,0.0,100.0,360.0,1.0,2,0
224,1,1,0,0,0,6250,0.0,128.0,360.0,1.0,1,1
581,1,0,0,0,0,1836,33837.0,90.0,360.0,1.0,2,0
472,1,1,3,0,0,4691,0.0,100.0,360.0,1.0,1,1
347,1,1,2,1,0,3083,2168.0,126.0,360.0,1.0,2,1
127,1,0,0,0,0,3865,1640.0,,360.0,1.0,0,1
604,0,1,1,0,0,12000,0.0,496.0,360.0,1.0,1,1
445,1,1,1,0,1,3466,1210.0,130.0,360.0,1.0,0,1
285,1,0,0,0,0,3158,3053.0,89.0,360.0,1.0,0,1
565,1,1,0,1,0,4467,0.0,120.0,360.0,,0,1
43,1,1,0,0,0,3941,2336.0,134.0,360.0,1.0,1,1
107,1,0,0,1,2,7333,0.0,120.0,360.0,1.0,0,0
518,1,0,0,0,0,4683,1915.0,185.0,360.0,1.0,1,0
483,1,1,0,0,0,10833,0.0,234.0,360.0,1.0,1,1
133,1,1,0,0,1,3459,0.0,25.0,120.0,1.0,1,1
440,1,0,0,0,0,3660,5064.0,187.0,360.0,1.0,1,1
511,1,1,1,0,0,6065,2004.0,250.0,360.0,1.0,1,1
44,1,1,0,1,1,4695,0.0,96.0,,1.0,2,1
169,1,1,2,0,0,8000,0.0,200.0,360.0,1.0,1,1
65,1,1,0,0,0,5726,4595.0,258.0,360.0,1.0,1,0
283,0,0,0,0,0,1811,1666.0,54.0,360.0,1.0,2,1
85,1,0,0,0,0,2366,2531.0,136.0,360.0,1.0,1,1
242,1,0,0,0,0,2965,5701.0,155.0,60.0,1.0,2,1
186,1,1,1,0,1,2178,0.0,66.0,300.0,0.0,0,0
326,1,0,0,0,0,4917,0.0,130.0,360.0,0.0,0,1
159,1,1,0,0,0,4583,5625.0,255.0,360.0,1.0,1,1
12,1,1,2,0,0,3073,8106.0,200.0,360.0,1.0,2,1
35,1,1,0,0,0,2275,2067.0,,360.0,1.0,2,1
28,1,0,0,1,0,1442,0.0,35.0,360.0,1.0,2,0
170,1,1,0,1,2,1820,1769.0,95.0,360.0,1.0,0,1
142,1,0,0,0,1,6950,0.0,175.0,180.0,1.0,1,1
236,1,1,0,0,2,5746,0.0,255.0,360.0,,2,0
479,1,1,2,0,0,2947,1603.0,,360.0,1.0,2,0
512,1,1,2,0,0,3283,2035.0,148.0,360.0,1.0,2,1
221,1,1,2,0,0,4009,1717.0,116.0,360.0,1.0,1,1
556,0,0,0,0,0,2667,1625.0,84.0,360.0,,2,1
95,1,0,0,0,2,6782,0.0,,360.0,,2,0
51,0,0,0,0,0,3086,0.0,120.0,360.0,1.0,1,1
240,1,1,2,0,0,5819,5000.0,120.0,360.0,1.0,0,1
532,1,0,2,0,0,3588,0.0,110.0,360.0,0.0,0,0
351,1,0,0,0,0,8750,4167.0,308.0,360.0,1.0,0,0
528,1,0,1,1,0,2679,1302.0,94.0,360.0,1.0,1,1
178,1,1,1,0,0,3750,0.0,116.0,360.0,1.0,1,1
460,2,1,0,0,1,2083,4083.0,160.0,360.0,,1,1
538,1,1,0,1,0,2917,536.0,66.0,360.0,1.0,0,0
41,1,0,0,0,0,1800,1213.0,47.0,360.0,1.0,2,1
567,1,1,3,0,0,3400,2500.0,123.0,360.0,0.0,0,0
534,0,0,0,1,1,18165,0.0,125.0,360.0,1.0,2,1
206,0,0,0,0,0,3244,0.0,80.0,360.0,1.0,2,1
392,1,1,0,0,0,2583,2115.0,120.0,360.0,,2,1
282,1,1,2,0,0,2301,985.7999878,78.0,180.0,1.0,2,1
358,1,1,0,1,0,3000,1666.0,100.0,480.0,0.0,2,0
397,1,1,0,0,0,3033,1459.0,95.0,360.0,1.0,2,1
254,1,0,0,0,1,16250,0.0,192.0,360.0,0.0,2,0
217,1,1,0,0,0,3727,1775.0,131.0,360.0,1.0,1,1
4,1,0,0,0,0,6000,0.0,141.0,360.0,1.0,2,1
256,1,0,0,1,0,6045,0.0,115.0,360.0,0.0,0,0
576,2,1,0,0,0,3087,2210.0,136.0,360.0,0.0,1,0
545,1,1,0,0,0,2768,1950.0,155.0,360.0,1.0,0,1
430,0,0,1,0,1,8624,0.0,150.0,360.0,1.0,1,1
100,1,1,2,1,0,4288,3263.0,133.0,180.0,1.0,2,1
226,1,1,4,1,1,4735,0.0,138.0,360.0,1.0,2,0
448,1,1,2,0,0,3340,1710.0,150.0,360.0,0.0,0,0
559,0,1,0,0,0,4180,2306.0,182.0,360.0,1.0,1,1
585,1,1,1,0,0,4283,3000.0,172.0,84.0,1.0,0,0
213,1,1,3,1,1,5703,0.0,130.0,360.0,1.0,0,1
359,1,1,3,0,0,5167,3167.0,200.0,360.0,1.0,1,1
171,2,1,3,0,0,51763,0.0,700.0,300.0,1.0,2,1
98,1,1,0,1,0,4188,0.0,115.0,180.0,1.0,1,1
292,1,1,2,0,0,3153,1560.0,134.0,360.0,1.0,2,1
215,1,1,3,1,0,3850,983.0,100.0,360.0,1.0,1,1
61,1,1,3,0,0,3029,0.0,99.0,360.0,1.0,2,1
406,1,1,0,1,0,2167,2400.0,115.0,360.0,1.0,2,1
502,1,1,2,0,0,4865,5624.0,208.0,360.0,1.0,1,1
47,1,1,0,0,0,5821,0.0,144.0,360.0,1.0,2,1
32,1,0,1,0,1,4692,0.0,106.0,360.0,1.0,0,0
200,1,1,1,1,0,2600,2500.0,90.0,360.0,1.0,1,1
134,1,0,0,0,0,4895,0.0,102.0,360.0,1.0,1,1
27,1,1,2,1,0,4226,1040.0,110.0,360.0,1.0,2,1
536,1,1,0,0,0,6133,3906.0,324.0,360.0,1.0,2,1
230,1,1,1,0,0,2491,2054.0,104.0,360.0,1.0,1,1
489,1,0,0,0,0,2435,0.0,75.0,360.0,1.0,2,0
378,1,0,0,0,0,3069,0.0,71.0,480.0,1.0,2,0
288,0,0,0,0,0,4124,0.0,115.0,360.0,1.0,1,1
418,1,1,0,0,0,1025,2773.0,112.0,360.0,1.0,0,1
391,1,1,3,0,0,9504,0.0,275.0,360.0,1.0,0,1
498,1,1,1,0,1,2895,0.0,95.0,360.0,1.0,1,1
138,1,0,0,0,0,14999,0.0,242.0,360.0,0.0,1,0
62,1,1,0,1,1,2609,3449.0,165.0,180.0,0.0,0,0
471,1,1,1,1,0,2653,1500.0,113.0,180.0,0.0,0,0
128,1,1,1,0,1,10513,3850.0,160.0,180.0,0.0,2,0
597,1,0,4,0,0,2987,0.0,88.0,360.0,0.0,1,0
520,1,1,2,1,0,2192,1742.0,45.0,360.0,1.0,1,1
64,0,0,0,0,0,4166,0.0,116.0,360.0,0.0,1,0
14,1,1,2,0,0,1299,1086.0,17.0,120.0,1.0,2,1
156,1,1,1,0,0,6000,0.0,160.0,360.0,,0,1
40,1,0,0,0,0,3600,0.0,80.0,360.0,1.0,2,0
492,1,0,0,1,0,3691,0.0,110.0,360.0,1.0,0,1
379,1,1,2,0,0,5391,0.0,130.0,360.0,1.0,2,1
187,1,1,0,0,0,2383,2138.0,58.0,360.0,,0,1
216,1,1,0,0,0,150,1800.0,135.0,360.0,1.0,0,0
52,0,0,0,0,0,4230,0.0,112.0,360.0,1.0,1,0
337,1,1,2,0,1,2500,4600.0,176.0,360.0,1.0,0,1
295,1,1,3,0,2,4416,1250.0,110.0,360.0,1.0,2,1
251,0,0,2,0,0,3427,0.0,138.0,360.0,1.0,2,0
461,1,1,3,0,0,7740,0.0,128.0,180.0,1.0,2,1
455,1,1,2,0,0,3859,0.0,96.0,360.0,1.0,1,1
611,1,1,1,0,0,8072,240.0,253.0,360.0,1.0,2,1
269,0,0,1,0,0,2876,1560.0,90.0,360.0,1.0,2,1
201,1,0,2,0,0,4923,0.0,166.0,360.0,0.0,1,1
161,1,1,0,0,0,7933,0.0,275.0,360.0,1.0,2,0
401,1,0,0,1,0,2755,0.0,65.0,300.0,1.0,0,0
476,1,1,2,0,0,6700,1750.0,230.0,300.0,1.0,1,1
105,1,1,1,0,0,3052,1030.0,100.0,360.0,1.0,2,1
389,1,1,0,0,0,5488,0.0,125.0,360.0,1.0,0,1
1,1,1,1,0,0,4583,1508.0,128.0,360.0,1.0,0,0
571,1,1,4,0,0,5116,1451.0,165.0,360.0,0.0,2,0
80,0,0,0,0,0,3846,0.0,111.0,360.0,1.0,1,1
205,0,0,0,1,0,4408,0.0,120.0,360.0,1.0,1,1
34,1,0,3,0,0,12500,3000.0,320.0,360.0,1.0,0,0
508,1,1,0,0,1,2479,3013.0,188.0,360.0,1.0,2,1
427,1,1,2,0,0,5935,0.0,133.0,360.0,1.0,1,1
454,1,0,0,0,1,7085,0.0,84.0,360.0,1.0,1,1
366,1,0,0,0,0,2500,0.0,96.0,480.0,1.0,1,0
91,1,1,2,0,0,6250,5654.0,188.0,180.0,1.0,1,1
339,0,0,0,0,0,4160,0.0,71.0,360.0,1.0,1,1
564,1,1,2,0,0,8799,0.0,258.0,360.0,0.0,2,0
345,1,1,0,0,0,2499,2458.0,160.0,360.0,1.0,1,1
241,1,1,1,1,0,2510,1983.0,140.0,180.0,1.0,2,0
13,1,0,0,0,0,1853,2840.0,114.0,360.0,1.0,0,0
315,1,1,1,1,0,3399,1640.0,111.0,180.0,1.0,2,1
387,1,1,0,1,0,3010,3136.0,,360.0,0.0,2,0
273,1,1,0,0,0,2620,2223.0,150.0,360.0,1.0,1,1
166,0,1,0,0,0,4583,0.0,112.0,360.0,1.0,0,0
608,1,1,0,0,0,3232,1950.0,108.0,360.0,1.0,0,1
484,1,1,2,0,0,8333,0.0,246.0,360.0,1.0,1,1
599,1,1,2,0,0,5780,0.0,192.0,360.0,1.0,2,1
504,1,1,0,1,0,3814,1483.0,124.0,300.0,1.0,1,1
243,1,1,2,0,1,6250,1300.0,108.0,360.0,1.0,0,1
566,1,0,0,0,0,3333,0.0,70.0,360.0,1.0,2,1
562,1,1,0,0,0,5923,2054.0,211.0,360.0,1.0,0,1
189,1,1,0,0,0,9328,0.0,188.0,180.0,1.0,0,1
475,1,1,2,0,1,16525,1014.0,150.0,360.0,1.0,0,1
510,1,0,0,1,0,3598,1287.0,100.0,360.0,1.0,0,0
58,1,1,1,0,0,8080,2250.0,180.0,360.0,1.0,2,1
474,1,0,2,0,0,5532,4648.0,162.0,360.0,1.0,0,1
560,1,1,2,1,0,3675,242.0,108.0,360.0,1.0,1,1
252,1,0,0,1,1,2583,2167.0,104.0,360.0,1.0,0,1
21,1,1,1,0,0,5955,5625.0,315.0,360.0,1.0,2,1
313,1,1,2,0,1,5746,0.0,144.0,84.0,,0,1
459,1,1,0,0,0,8334,0.0,160.0,360.0,1.0,1,0
160,1,1,0,1,0,1863,1041.0,98.0,360.0,1.0,1,1
276,1,1,0,0,0,3993,3274.0,207.0,360.0,1.0,1,1
191,1,0,0,0,0,12000,0.0,164.0,360.0,1.0,1,0
385,1,0,1,0,2,3667,0.0,113.0,180.0,1.0,2,1
413,1,1,0,1,0,2253,2033.0,110.0,360.0,1.0,0,1
491,1,1,1,1,0,5333,1131.0,186.0,360.0,,2,1
343,1,1,3,1,0,3173,0.0,74.0,360.0,1.0,1,1
308,1,0,0,0,0,20233,0.0,480.0,360.0,1.0,0,0
130,1,0,0,0,1,20166,0.0,650.0,480.0,,2,1
99,1,1,0,0,0,1759,3541.0,131.0,360.0,1.0,1,1
372,1,1,2,0,1,9323,7873.0,380.0,300.0,1.0,0,1
87,1,1,0,0,0,2500,2118.0,104.0,360.0,1.0,1,1
458,1,0,2,0,0,4354,0.0,136.0,360.0,1.0,0,1
330,1,0,1,0,0,4384,1793.0,117.0,360.0,1.0,2,1
214,1,1,0,0,0,3173,3021.0,137.0,360.0,1.0,2,1
466,1,1,3,1,0,2947,1664.0,70.0,180.0,0.0,2,0
121,0,0,0,0,0,4166,0.0,44.0,360.0,1.0,1,1
20,1,1,0,1,0,7660,0.0,104.0,360.0,0.0,2,0
71,1,1,2,1,1,1875,1875.0,97.0,360.0,1.0,1,1
106,1,1,2,0,0,11417,1126.0,225.0,360.0,1.0,2,1
270,0,0,0,0,0,3237,0.0,30.0,360.0,1.0,2,1
435,0,2,4,0,0,10047,0.0,,240.0,1.0,1,1
102,1,1,4,0,0,13650,0.0,,360.0,1.0,2,1
